Artist,Song
Andrew Lahiff,Begins Eternal Dreaming
Stellardrone,On a Beam of Light
David Helpling & Jon Jenkins,The Knowing
Alucidnation,Skygazer (3002 Remix)
Karl Verkade,Hope Springs Eternal (Radio Mix)
Brian Eno,Always Returning
Asura,Halley Road
Alpha Wave Movement,No Mans Land
David Helpling,The Real World
Andrew Kinsella,Stardust
Kirsty Hawkshaw,Eclipse
2002,Memory of the Sky
Paul Ellis,The Unveiling Moment
Kip Mazuy,Blissful Sea 2
David Wahler,A Star Danced
Libra,Anomaly (Calling Your Name) (Solar Stone Chillout Version)
Kevin Kendle,Far In Time
Altus,Orion
Rudy Adrian,Disturbed Reflections
X3nus,Summer Rain
Dakini Manarava,Spring Awakening
Alpha Wave Movement,Sanctuary
Alpha Wave Movement,Slow Motion Halo's
Alexandr Slavia,Light Of A Far Star (Original Mix)
Rudy Adrian,Le Songe Du Singe
Chicane,Time of Your Life (Part 2)
Chicane,Time of Your Life (Part 2)
Robin Guthrie,Misty
John Stanford,Out into the West
Steve Roach & Kevin Braheny,Desert Prayer
Kiis,Serae
Constance Demby,Cosmos
Gerald Jay Markoe,The Pleiades
Robert Carty,Transforming Movements
David Helpling & Jon Jenkins,The Same Sky
Asura,Halley Road
Craig Padilla,Moon Tides
David Helpling & Jon Jenkins,From the Smallest Seed
John Serrie,Lumahai
Mark Preston,The Great Sand Dunes - Alone At Night
Jacotte Chollet,Sky dancing
Robert Carty,Beautiful Cosmos
Dr. Jeffrey Thompson,10 Minute Nap
Vangelis,Rachels Song (OST Blade Runner)
The Echelon Effect,Migration
Paul Lawler,Area 51
Pete Namlook & The Higher Intelligence Agency,Secret Location
Steve McDonald,Journey Of The Warrion Soul
Jerry Alan Johnson & Jonn Serrie,Atmospheres
Bing Satellites,Nothing For Miles
Jon Jenkins,Shrouded
Stars Over Foy,World of Ambient Podcast 028
Stars Over Foy,World of Ambient Podcast 028
Asura,Frontiers
Astropilot,Paraselene
Jon Jenkins,Ebb
Jaja,Far Beyond the Realm of the Stars (Music for Space Observation)
Syllix,Reverie
Robert Carty,Moonrise
Hammock,"Awakened, He Heard Only Silence"
Jonson,Future Will Be The Past Of The Present
Thought Guild,Cathedrals of Stone
Myosotis,My Escape Into Loneliness
Max Corbacho,Pure Being
Gulan,Abstracto
Markus Guentner,Donaunebel
Carl Craig,A Wonderful Life (Original Mix))
Max Corbacho,One True Light
Hammock,"Lonely, Some Quietly Wander in the Hall of Stars"
Astropilot,Gravity Free
Leo Abrahams,Seeing Stars
Sirius Radiance,Deserted Space Station
Steven Halpern,Deep Journeys 2
Michael Stearns,Star Dreams (Peace Eternal)
Kevin Braheny,Perelandra
David Helpling & Jon Jenkins,Beyond Words
Asura,Ascension In Blue
Constance Demby,Ringing in the New
Constance Demby,Ringing in the New
Thom Brennan,Time
Phillip Wilkerson,Infinite Possibility
The Ken Myers Project,Impossible Passage
Oscillist,Recurrence (Original Mix)
David Helpling,Moon Dreaming Thunder
Blank Embrace,Touching
Jacotte Chollet,Love rules
Hammock,Breathturn
"Steven Halpern, Michael Diamond",Stellar Drifting
Jon Jenkins,Deep Sleep & Dying Embers
Dac Crowell,Prinsengracht Extensions
Lemongrass,Over the Clouds
William Orbit,Nimbus
Hammock,Something Other Than Remaining
Dave Luxton,Shadow Clouds
Jon Jenkins,Legacy
Hammock,Cruel Sparks
State Azure,Hiraeth
Erik Wollo,Memory Space
Stellardrone,Nightscape
Cosmic Voyager,Enigmatic Titan
Robert Carty,Atom Builders
Thom Brennan,Pulse
Jeff Pearce & Vidna Obmana,Opening Theme
David Helpling & Jon Jenkins,Now More Than Ever
David Helpling & Jon Jenkins,Now More Than Ever
David Wright,Procession Under Moonlight
Jeff Scott Castle,Clouds Form On The Horizon
Venedel,Birth of Stars
Aural Night,III
Helios,Every Hair On Your Head
Jeff Scott Castle,Ocean of Sleep (Original Mix)
Helios,First Dream Called Ocean
Robert Carty,ECO 6
Solarsoul & Anhidema,Crystal Dream (Original Dream Mix)
David Lange,Star Rains
David Helpling,Sapna Cries Alone
I.R.I.S.,Distant Lightscapes
Jonn Serrie,Goldstone
Dan Pound,Esoterica (Part Eight)
Brian Vassallo,Distant Stars
Jonn Serrie,Starmoods
Activa,Eternity And A Day (Ambient Mix)
Alpha Wave Movement,The Tender Sea Of Space
Endote,Lovest
Dreamscape,Nautica
Simon Wilkinson,Cold Methuselah
Darshan Ambient,The Rightness Of Things
Cosmic Hoffmann,Floating In Time
Stellardrone,Eternity (Reprise)
David Helpling,Dreams of Smoke and Mist
David Helpling,Dreams of Smoke and Mist
Echo-ES,Rain & Forest (Original Mix)
154,Apricot
Karl Verkade,Homeland
Ashera,Cobalt Friends
Slow World,Astral Journey
Richard Bone,Laguna Blue
Dreamhub,Quasars
36,After Time
Dr Jeffrey Thompson,Delta Sleep System Program 1 (Track 2)
Alpha Wave Movement,Desert Light
David Helpling,Shadows of Far Night
Australis,Lifegiving Barrenlands
Jeff Johnson,Written In Water
Moonman,Galaxia (Symphonic Freedom Vocal Long Mix)
Max Corbacho,Temple of Dissolution
Lowercase Noises,Song For No One
Carbon Based Lifeforms,Held Together by Gravity
Numina,Sothis
Jeff Scott Castle,Pale Moon in a Blue Sky
Exuviae,Aquaphoria
2002,Stillpoint
Jonn Serrie,The Stars Like Dust
Solarsoul,Life after Life (Original Space Mix)
John Lyell,Transport
Georgy Om,Ocean
Georgy Om,Ocean
Robert Carty,Such A Deep Sky
Nimanty,Tears Of The Cosmos
Alexander Winn,Shalbatana (Extended)
Vir Unis,Leaving the Skin
Robin Guthrie & Harold Budd,The Discovery
Deep Flow Mendelayev,Golden Sky
Cristian Sandquist,Wanderers (feat. Nina FylkegÃ¥rd)
John Kerr,Prelude
Ben Woods,Moments Of Realisation
Graphite,Great Times Together
Altus,Blazing Departure
Jon Jenkins,Through Different Eyes
Steven Halpern,Angels On High
Alpha Wave Movement,Veil Of Twilight Moon
Telomere,Drifting
Chronotope Project,Clear Bell Ringing in Empty Sky
Jeff Pearce,Autumn and Regret
July Skies,See Britain By Train
Gulan,Return Home
Simon Wilkinson,Cold Methuselah
Carbon Based Lifeforms,Euphotic
Erik Seifert,Lost in Space
Robert Carty,Molecular Light
Maneesh De Moor,Galaxies Within
Blank Embrace,Penance in Cosmos
Blank Embrace,Penance in Cosmos
Max Corbacho,No Day nor Night
Steven Halpern,Deep Journeys
Numina,Beyond Infinity
Tom Eaton,Eridanus
Kit Watkins,Music For The End
July Skies,See Britain By Train (Pevsner version)
Patrick Kosmos,The Mermaids Tears
Art Of Trance,Madagascar
Blank Embrace,Somnia Vosemm
Oscillist,Recurrence (Original Mix)
SecondFace,Travelling in Outer Space
Airstream,Cold Night (Original Mix)
Subtractivelad,Till Break Of Day
Corderoy,At The Edge - Endtro Version
Richard Bone,Calenture
Solarstone,Last Defeat (Part one)
Anugama,The Empty Sky
Chuck Wild,Blue Seven
Clem Leek,Holly Lane
Stimulus Timbre,A Place we Never Been
Chronotope Project,"No Birth, No Death"
Chronotope Project,Sirens
Gulan,Return Home
Echo-ES,Open Air (Intro)
Robert Carty,ECO 6
Robert Carty,ECO 6
Dave Luxton,Shadow Clouds
Ashera,Expectations
Brian Eno,Stars
Andrew Forrest,I Am Presence
City Of Dawn,I See you in my Dreams...
Numina,Angel's Sigh
Alpha Wave Movement,Portal Full of Stars
Hammock,Tape Recorder
Darshan Ambient,Pastorale
Alpha Wave Movement,Suspended In The Hanging Gardens
Patrick O'Hearn,Where We Once Stood
Hammock,When the Sky Pours Down Like a Fountain
Kit Watkins,Music For The End
Carbon Based Lifeforms,Path of Least Resistance
Germind,Ethereal Code (Original Mix)
David Helpling,The Real World
Immersion Theory,Resonance
Rhian Sheehan,Quietly Returning
Richard deHove,Worlds Beyond Number
David Helpling & Jon Jenkins,The Knowing
Karl Verkade,Bridge in C Major
Donnacha Costello,Cocoa Sessions Unreleased
Jonn Serrie,M-Theory
"Llewellyn, Kevin Kendle",Lights of Atlantis
Robert Carty,Insight
Robert Carty,Insight
Blank Embrace,New Life
Stellardrone,Nightscape
Puremusic,Creation (Original Mix)
Andrew Forrest,Essence Part 2
Karl Verkade,Bridge in eb minor (extended mix)
Carbon Based Lifeforms,Metrosat 4 (Original Mix)
July Skies,Branch Line Summers Fade
Simon Wilkinson,Pushing Through Crystal Ice Clouds
Jerry Alan Johnson & Jonn Serrie,Life Elsewhere
Ferry Corsten,Visions of Blue
Tigerforest,Passages
Robin Guthrie,3.19 Intro
Echo-ES,Waiting for snow
U.O.K.,The Space Station (Original Mix)
Jonn Serrie,Thousand Star
Howard Givens & Craig Padilla,Awakened Consciousness
Indigo Seven,Path to Shambhala (Mystic Mix)
Snake Sedrick,Latest morning
Oscillist,Recurrence (Original Mix)
Neue,Saturn
Lemongrass,Nibiru
Robin Guthrie & Harold Budd,Hidden Message
Siddhartha Barnhoorn,Night Ascending (feat. Lara Ausensi)
Dreamhub,Snowflake Mirrors
Chicane Present,Time of Your Life
